Issue Type,Summary,Description,Epic Link,Story Points,Priority,Original Estimate,Component/s,Labels
Epic,EP-001: Autenticação e Gerenciamento de Usuários,Sistema completo de autenticação e gerenciamento de perfis,,,High,,Backend;Frontend,sprint1;mvp
Story,US-001: Login de Usuários,Como usuário quero fazer login no sistema para acessar minhas funcionalidades,EP-001: Autenticação e Gerenciamento de Usuários,8,High,,Backend;Frontend,sprint1;mvp;autenticacao
Sub-task,[BACK-001] Implementar autenticação com JWT,Criar AuthService para geração de tokens JWT,US-001: Login de Usuários,,High,5h,Backend,backend;api
Sub-task,[BACK-002] Criar endpoint de login,POST /api/auth/login - Validar credenciais e retornar token,US-001: Login de Usuários,,High,3h,Backend,backend;api
Sub-task,[FRONT-001] Criar página de Login,Formulário Vue3 com validações,US-001: Login de Usuários,,High,4h,Frontend,frontend;vue3
Sub-task,[FRONT-002] Implementar gerenciamento de sessão,Armazenar token e criar guards de rota,US-001: Login de Usuários,,High,3h,Frontend,frontend;vue3
Story,US-002: Cadastro de Clientes e Prestadores,Como novo usuário quero criar minha conta na plataforma,EP-001: Autenticação e Gerenciamento de Usuários,13,High,,Backend;Frontend,sprint1;mvp;cadastro
Sub-task,[BACK-003] Melhorar validações de cadastro,Validar CPF telefone e duplicidade,US-002: Cadastro de Clientes e Prestadores,,High,4h,Backend,backend;validacao
Sub-task,[BACK-004] Implementar envio de e-mail de confirmação,Configurar SMTP e templates de e-mail,US-002: Cadastro de Clientes e Prestadores,,High,5h,Backend,backend;email
Sub-task,[FRONT-003] Aprimorar página de cadastro,Melhorar validações e adicionar máscaras,US-002: Cadastro de Clientes e Prestadores,,High,5h,Frontend,frontend;forms
Sub-task,[FRONT-004] Implementar busca de CEP,Integração com ViaCEP,US-002: Cadastro de Clientes e Prestadores,,Medium,2h,Frontend,frontend;integracao
Story,US-003: Recuperação de Senha,Como usuário quero recuperar minha senha,EP-001: Autenticação e Gerenciamento de Usuários,5,Medium,,Backend;Frontend,sprint1;autenticacao
Sub-task,[BACK-005] Implementar recuperação de senha,Endpoint de solicitação com envio de e-mail,US-003: Recuperação de Senha,,Medium,3h,Backend,backend;api
Sub-task,[BACK-006] Endpoint de redefinição de senha,POST /api/auth/reset-password,US-003: Recuperação de Senha,,Medium,2h,Backend,backend;api
Sub-task,[FRONT-005] Criar página Esqueci minha senha,Formulários de solicitação e redefinição,US-003: Recuperação de Senha,,Medium,3h,Frontend,frontend;forms
Epic,EP-002: Dashboard e Perfil de Usuário,Painéis de controle e edição de perfil,,,High,,Backend;Frontend,sprint1;dashboard
Story,US-004: Dashboard do Cliente,Como cliente quero visualizar meu painel de controle,EP-002: Dashboard e Perfil de Usuário,8,High,,Backend;Frontend,sprint1;mvp;dashboard
Sub-task,[BACK-007] Criar endpoints de dashboard do cliente,GET /api/cliente/dashboard com estatísticas,US-004: Dashboard do Cliente,,High,4h,Backend,backend;api
Sub-task,[FRONT-006] Criar Dashboard do Cliente,Layout com cards e estatísticas,US-004: Dashboard do Cliente,,High,6h,Frontend,frontend;dashboard
Sub-task,[FRONT-007] Implementar navegação principal,Menu e rotas do cliente,US-004: Dashboard do Cliente,,High,3h,Frontend,frontend;layout
Story,US-005: Dashboard do Prestador,Como prestador quero visualizar meu painel de controle,EP-002: Dashboard e Perfil de Usuário,8,High,,Backend;Frontend,sprint1;mvp;dashboard
Sub-task,[BACK-008] Criar endpoints de dashboard do prestador,GET /api/prestador/dashboard com solicitações e agenda,US-005: Dashboard do Prestador,,High,4h,Backend,backend;api
Sub-task,[FRONT-008] Criar Dashboard do Prestador,Cards de solicitações e calendário,US-005: Dashboard do Prestador,,High,6h,Frontend,frontend;dashboard
Story,US-006: Edição de Perfil,Como usuário quero editar meu perfil,EP-002: Dashboard e Perfil de Usuário,5,Medium,,Backend;Frontend,sprint1;perfil
Sub-task,[BACK-009] Endpoints de edição de perfil,PUT /api/usuario/perfil e perfis específicos,US-006: Edição de Perfil,,Medium,3h,Backend,backend;api
Sub-task,[FRONT-009] Página de edição de perfil,Formulário pré-preenchido com upload de foto,US-006: Edição de Perfil,,Medium,4h,Frontend,frontend;forms
Epic,EP-003: Gestão de Serviços Oferecidos,Cadastro e gestão de serviços portfólio e certificações,,,High,,Backend;Frontend,sprint2;servicos
Story,US-007: Cadastro de Serviços pelo Prestador,Como prestador quero cadastrar os serviços que ofereço,EP-003: Gestão de Serviços Oferecidos,13,High,,Backend;Frontend,sprint2;mvp;servicos
Sub-task,[BACK-010] CRUD completo de serviços oferecidos,Endpoints POST PUT DELETE GET de serviços,US-007: Cadastro de Serviços pelo Prestador,,High,5h,Backend,backend;crud
Sub-task,[BACK-011] Validações de serviços,Validar categoria preço e status do prestador,US-007: Cadastro de Serviços pelo Prestador,,High,2h,Backend,backend;validacao
Sub-task,[FRONT-010] Página de gerenciamento de serviços,Lista com botões de ação,US-007: Cadastro de Serviços pelo Prestador,,High,5h,Frontend,frontend;crud
Sub-task,[FRONT-011] Modal de serviço,Formulário de cadastro/edição,US-007: Cadastro de Serviços pelo Prestador,,High,4h,Frontend,frontend;forms
Story,US-008: Gerenciamento de Portfólio,Como prestador quero adicionar fotos dos meus trabalhos,EP-003: Gestão de Serviços Oferecidos,8,Medium,,Backend;Frontend,sprint2;portfolio
Sub-task,[BACK-012] Implementar upload de imagens,Configurar armazenamento e otimização,US-008: Gerenciamento de Portfólio,,Medium,6h,Backend,backend;upload
Sub-task,[BACK-013] CRUD de portfólio,Endpoints de gerenciamento de fotos,US-008: Gerenciamento de Portfólio,,Medium,3h,Backend,backend;crud
Sub-task,[FRONT-012] Componente de upload de fotos,Drag-and-drop com preview e cropper,US-008: Gerenciamento de Portfólio,,Medium,5h,Frontend,frontend;upload
Sub-task,[FRONT-013] Galeria de portfólio,Grid com lightbox e reordenação,US-008: Gerenciamento de Portfólio,,Medium,4h,Frontend,frontend;galeria
Story,US-009: Gerenciamento de Certificações,Como prestador quero adicionar minhas certificações,EP-003: Gestão de Serviços Oferecidos,5,Low,,Backend;Frontend,sprint2;certificacoes
Sub-task,[BACK-014] CRUD de certificações,Endpoints com upload de PDF,US-009: Gerenciamento de Certificações,,Low,3h,Backend,backend;crud
Sub-task,[FRONT-014] Interface de certificações,Formulário e lista de certificações,US-009: Gerenciamento de Certificações,,Low,3h,Frontend,frontend;forms
Epic,EP-004: Busca e Descoberta de Serviços,Sistema de busca filtros e perfil público,,,High,,Backend;Frontend,sprint2;busca
Story,US-010: Busca Avançada de Serviços,Como cliente quero buscar serviços com filtros,EP-004: Busca e Descoberta de Serviços,13,High,,Backend;Frontend,sprint2;mvp;busca
Sub-task,[BACK-015] Aprimorar endpoint de busca,Filtros ordenação e paginação,US-010: Busca Avançada de Serviços,,High,5h,Backend,backend;api
Sub-task,[BACK-016] Implementar busca por geolocalização,Calcular distância e raio de atendimento,US-010: Busca Avançada de Serviços,,High,4h,Backend,backend;geolocalizacao
Sub-task,[FRONT-015] Melhorar página de busca,Sidebar de filtros e cards de resultados,US-010: Busca Avançada de Serviços,,High,6h,Frontend,frontend;busca
Sub-task,[FRONT-016] Implementar geolocalização,Mapa com prestadores próximos,US-010: Busca Avançada de Serviços,,High,5h,Frontend,frontend;maps
Story,US-011: Visualização de Perfil do Prestador,Como cliente quero visualizar o perfil completo do prestador,EP-004: Busca e Descoberta de Serviços,8,High,,Backend;Frontend,sprint2;mvp;perfil
Sub-task,[BACK-017] Endpoint de perfil público,GET /api/prestador/{id}/perfil-publico,US-011: Visualização de Perfil do Prestador,,High,3h,Backend,backend;api
Sub-task,[FRONT-017] Página de perfil do prestador,Hero section com abas de informações,US-011: Visualização de Perfil do Prestador,,High,7h,Frontend,frontend;perfil
Epic,EP-005: Sistema de Agendamento,Agendamento disponibilidade e gerenciamento,,,High,,Backend;Frontend,sprint3;agendamento
Story,US-012: Solicitar Agendamento,Como cliente quero solicitar um agendamento,EP-005: Sistema de Agendamento,13,High,,Backend;Frontend,sprint3;mvp;agendamento
Sub-task,[BACK-018] Validações de agendamento,Verificar disponibilidade e conflitos,US-012: Solicitar Agendamento,,High,4h,Backend,backend;validacao
Sub-task,[BACK-019] Criar sistema de notificações,Notificar cliente e prestador,US-012: Solicitar Agendamento,,High,5h,Backend,backend;notificacoes
Sub-task,[FRONT-018] Modal de agendamento,Calendário com seleção de data/hora,US-012: Solicitar Agendamento,,High,6h,Frontend,frontend;forms
Sub-task,[FRONT-019] Integração com calendário,Exibir horários disponíveis,US-012: Solicitar Agendamento,,High,4h,Frontend,frontend;calendario
Story,US-013: Gerenciar Disponibilidade,Como prestador quero definir meus horários,EP-005: Sistema de Agendamento,8,High,,Backend;Frontend,sprint3;mvp;disponibilidade
Sub-task,[BACK-020] CRUD de disponibilidade,Endpoints com validação de sobreposição,US-013: Gerenciar Disponibilidade,,High,4h,Backend,backend;crud
Sub-task,[FRONT-020] Interface de gerenciamento de agenda,Calendário semanal interativo,US-013: Gerenciar Disponibilidade,,High,6h,Frontend,frontend;calendario
Story,US-014: Aceitar/Recusar Solicitações,Como prestador quero aceitar ou recusar solicitações,EP-005: Sistema de Agendamento,5,High,,Backend;Frontend,sprint3;mvp;agendamento
Sub-task,[BACK-021] Endpoints de resposta a agendamento,POST aceitar e recusar,US-014: Aceitar/Recusar Solicitações,,High,2h,Backend,backend;api
Sub-task,[FRONT-021] Interface de solicitações pendentes,Lista com botões de ação,US-014: Aceitar/Recusar Solicitações,,High,4h,Frontend,frontend;lista
Story,US-015: Acompanhar Status do Agendamento,Como usuário quero acompanhar o status,EP-005: Sistema de Agendamento,5,Medium,,Backend;Frontend,sprint3;agendamento
Sub-task,[BACK-022] Implementar máquina de estados,Histórico de mudanças de status,US-015: Acompanhar Status do Agendamento,,Medium,3h,Backend,backend;api
Sub-task,[FRONT-022] Componente de timeline,Stepper visual do status,US-015: Acompanhar Status do Agendamento,,Medium,4h,Frontend,frontend;timeline
Epic,EP-006: Sistema de Pagamentos,Processamento de pagamentos e gateway,,,High,,Backend;Frontend,sprint3;pagamentos
Story,US-016: Processar Pagamento,Como cliente quero pagar através da plataforma,EP-006: Sistema de Pagamentos,21,High,,Backend;Frontend,sprint3;mvp;pagamentos
Sub-task,[BACK-023] Integração com gateway,Configurar Stripe/Mercado Pago e webhook,US-016: Processar Pagamento,,High,10h,Backend,backend;integracao
Sub-task,[BACK-024] Implementar fluxo de pagamento,Criar processar e estornar pagamentos,US-016: Processar Pagamento,,High,6h,Backend,backend;pagamentos
Sub-task,[FRONT-023] Página de pagamento,Formulário com opções Pix/Débito/Crédito,US-016: Processar Pagamento,,High,8h,Frontend,frontend;pagamentos
Sub-task,[FRONT-024] Componente de status de pagamento,Indicador e modal de confirmação,US-016: Processar Pagamento,,High,3h,Frontend,frontend;status
Epic,EP-007: Sistema de Avaliações,Avaliações respostas e qualidade,,,High,,Backend;Frontend,sprint4;avaliacoes
Story,US-017: Avaliar Prestador,Como cliente quero avaliar o prestador,EP-007: Sistema de Avaliações,8,High,,Backend;Frontend,sprint4;mvp;avaliacoes
Sub-task,[BACK-025] Validar elegibilidade de avaliação,Apenas serviços concluídos,US-017: Avaliar Prestador,,High,2h,Backend,backend;validacao
Sub-task,[BACK-026] Atualizar média de avaliações,Recalcular média automaticamente,US-017: Avaliar Prestador,,High,2h,Backend,backend;calculo
Sub-task,[FRONT-025] Modal de avaliação,Estrelas e comentário,US-017: Avaliar Prestador,,High,4h,Frontend,frontend;forms
Sub-task,[FRONT-026] Exibir avaliações no perfil,Lista com paginação e filtros,US-017: Avaliar Prestador,,High,3h,Frontend,frontend;lista
Story,US-018: Responder Avaliações,Como prestador quero responder às avaliações,EP-007: Sistema de Avaliações,3,Low,,Backend;Frontend,sprint4;avaliacoes
Sub-task,[BACK-027] Adicionar resposta à avaliação,PUT /api/avaliacao/{id}/responder,US-018: Responder Avaliações,,Low,1h,Backend,backend;api
Sub-task,[FRONT-027] Interface de resposta,Campo de texto e exibição,US-018: Responder Avaliações,,Low,2h,Frontend,frontend;forms
Epic,EP-008: Sistema de Chat,Chat em tempo real,,,Medium,,Backend;Frontend,sprint4;chat
Story,US-019: Chat entre Cliente e Prestador,Como usuário quero conversar antes do agendamento,EP-008: Sistema de Chat,21,Medium,,Backend;Frontend,sprint4;chat
Sub-task,[BACK-028] Implementar SignalR,Configurar Hub e eventos de mensagens,US-019: Chat entre Cliente e Prestador,,Medium,8h,Backend,backend;signalr
Sub-task,[BACK-029] Endpoints de mensagens,GET conversas POST enviar,US-019: Chat entre Cliente e Prestador,,Medium,4h,Backend,backend;api
Sub-task,[FRONT-028] Componente de chat,Lista de conversas e janela de mensagens,US-019: Chat entre Cliente e Prestador,,Medium,8h,Frontend,frontend;chat
Sub-task,[FRONT-029] Notificações em tempo real,Badge com contador de não lidas,US-019: Chat entre Cliente e Prestador,,Medium,3h,Frontend,frontend;notificacoes
Epic,EP-009: Painel Administrativo,Dashboard métricas e verificações,,,Medium,,Backend;Frontend,sprint5;admin
Story,US-020: Dashboard Administrativo,Como admin quero visualizar métricas da plataforma,EP-009: Painel Administrativo,13,Medium,,Backend;Frontend,sprint5;admin
Sub-task,[BACK-030] Endpoints de métricas administrativas,Usuários agendamentos e receita,US-020: Dashboard Administrativo,,Medium,5h,Backend,backend;api
Sub-task,[BACK-031] Relatórios exportáveis,Endpoint para CSV/Excel,US-020: Dashboard Administrativo,,Medium,3h,Backend,backend;export
Sub-task,[FRONT-030] Dashboard administrativo,Gráficos e tabelas com filtros,US-020: Dashboard Administrativo,,Medium,8h,Frontend,frontend;dashboard
Story,US-021: Verificação de Prestadores,Como admin quero verificar documentação dos prestadores,EP-009: Painel Administrativo,8,High,,Backend;Frontend,sprint5;mvp;admin
Sub-task,[BACK-032] Sistema de verificação,Endpoints de aprovação e status,US-021: Verificação de Prestadores,,High,4h,Backend,backend;api
Sub-task,[FRONT-031] Interface de verificação,Lista e visualização de documentos,US-021: Verificação de Prestadores,,High,5h,Frontend,frontend;admin
Story,US-022: Suspensão Automática,Como sistema quero suspender prestadores com avaliações baixas,EP-009: Painel Administrativo,5,Medium,,Backend;Frontend,sprint5;admin
Sub-task,[BACK-033] Job de monitoramento,Background job para verificar avaliações,US-022: Suspensão Automática,,Medium,4h,Backend,backend;jobs
Sub-task,[FRONT-032] Notificação de suspensão,Banner de alerta no dashboard,US-022: Suspensão Automática,,Medium,2h,Frontend,frontend;notificacoes
Epic,EP-010: Histórico e Relatórios,Histórico de serviços e relatórios,,,Medium,,Backend;Frontend,sprint5;historico
Story,US-023: Histórico do Cliente,Como cliente quero visualizar histórico de serviços,EP-010: Histórico e Relatórios,5,Medium,,Backend;Frontend,sprint5;historico
Sub-task,[BACK-034] Endpoint de histórico,GET /api/cliente/historico com filtros,US-023: Histórico do Cliente,,Medium,2h,Backend,backend;api
Sub-task,[FRONT-033] Página de histórico,Lista de agendamentos passados,US-023: Histórico do Cliente,,Medium,4h,Frontend,frontend;lista
Story,US-024: Histórico do Prestador,Como prestador quero visualizar histórico de serviços,EP-010: Histórico e Relatórios,5,Medium,,Backend;Frontend,sprint5;historico
Sub-task,[BACK-035] Endpoint de histórico do prestador,GET /api/prestador/historico com valores,US-024: Histórico do Prestador,,Medium,2h,Backend,backend;api
Sub-task,[FRONT-034] Página de histórico do prestador,Lista com estatísticas,US-024: Histórico do Prestador,,Medium,4h,Frontend,frontend;lista
Task,INFRA-001: Configurar CI/CD,GitHub Actions com build e deploy,,,High,8h,DevOps,infra;cicd
Task,INFRA-002: Configurar banco MySQL,Migrations e seeds,,,High,4h,DevOps,infra;database
Task,INFRA-003: Ambiente de homologação,Deploy em servidor de staging,,,High,6h,DevOps,infra;deploy
Task,INFRA-004: Logging e monitoramento,Application Insights ou Sentry,,,Medium,4h,DevOps,infra;monitoring
Task,TEST-001: Testes unitários backend,Cobertura mínima de 70%,,,High,20h,Backend,testes;backend
Task,TEST-002: Testes de integração,Testes de endpoints da API,,,High,15h,Backend,testes;integracao
Task,TEST-003: Testes E2E frontend,Cypress ou Playwright,,,Medium,12h,Frontend,testes;e2e
Task,DOC-001: Documentação da API,Swagger com exemplos,,,Medium,8h,Backend,documentacao;api
Task,DOC-002: README e guias,Instruções de instalação e contribuição,,,Medium,4h,Documentação,documentacao;readme
